Face1,Depth1,Face2,Depth2,Validation
../data/NU_Dataset_1/Images/FaceNorm/1TD_RGB_A_1_4.jpg,../data/NU_Dataset_1/Images/DepthNorm/1TD_RGB_A_1_4.jpg,../data/NU_Dataset_1/Images/FaceNorm/1TD_RGB_A_2_4.jpg,../data/NU_Dataset_1/Images/DepthNorm/1TD_RGB_A_2_4.jpg,1
../data/NU_Dataset_1/Images/FaceNorm/1TD_RGB_A_3_4.jpg,../data/NU_Dataset_1/Images/DepthNorm/1TD_RGB_A_3_4.jpg,../data/NU_Dataset_1/Images/FaceNorm/1TD_RGB_A_4_4.jpg,../data/NU_Dataset_1/Images/DepthNorm/1TD_RGB_A_4_4.jpg,1
../data/NU_Dataset_1/Images/FaceNorm/3TD_RGB_A_1_4.jpg,../data/NU_Dataset_1/Images/DepthNorm/3TD_RGB_A_1_4.jpg,../data/NU_Dataset_1/Images/FaceNorm/3TD_RGB_A_2_4.jpg,../data/NU_Dataset_1/Images/DepthNorm/3TD_RGB_A_2_4.jpg,1
../data/NU_Dataset_1/Images/FaceNorm/3TD_RGB_A_3_4.jpg,../data/NU_Dataset_1/Images/DepthNorm/3TD_RGB_A_3_4.jpg,../data/NU_Dataset_1/Images/FaceNorm/3TD_RGB_A_4_4.jpg,../data/NU_Dataset_1/Images/DepthNorm/3TD_RGB_A_4_4.jpg,1
../data/NU_Dataset_1/Images/FaceNorm/4TD_RGB_A_1_4.jpg,../data/NU_Dataset_1/Images/DepthNorm/4TD_RGB_A_1_4.jpg,../data/NU_Dataset_1/Images/FaceNorm/4TD_RGB_A_2_4.jpg,../data/NU_Dataset_1/Images/DepthNorm/4TD_RGB_A_2_4.jpg,1
../data/NU_Dataset_1/Images/FaceNorm/4TD_RGB_A_3_4.jpg,../data/NU_Dataset_1/Images/DepthNorm/4TD_RGB_A_3_4.jpg,../data/NU_Dataset_1/Images/FaceNorm/4TD_RGB_A_4_4.jpg,../data/NU_Dataset_1/Images/DepthNorm/4TD_RGB_A_4_4.jpg,1
../data/NU_Dataset_1/Images/FaceNorm/5TD_RGB_A_1_4.jpg,../data/NU_Dataset_1/Images/DepthNorm/5TD_RGB_A_1_4.jpg,../data/NU_Dataset_1/Images/FaceNorm/5TD_RGB_A_2_4.jpg,../data/NU_Dataset_1/Images/DepthNorm/5TD_RGB_A_2_4.jpg,1
../data/NU_Dataset_1/Images/FaceNorm/5TD_RGB_A_3_4.jpg,../data/NU_Dataset_1/Images/DepthNorm/5TD_RGB_A_3_4.jpg,../data/NU_Dataset_1/Images/FaceNorm/5TD_RGB_A_4_4.jpg,../data/NU_Dataset_1/Images/DepthNorm/5TD_RGB_A_4_4.jpg,1
../data/NU_Dataset_1/Images/FaceNorm/6TD_RGB_A_1_4.jpg,../data/NU_Dataset_1/Images/DepthNorm/6TD_RGB_A_1_4.jpg,../data/NU_Dataset_1/Images/FaceNorm/6TD_RGB_A_2_4.jpg,../data/NU_Dataset_1/Images/DepthNorm/6TD_RGB_A_2_4.jpg,1
../data/NU_Dataset_1/Images/FaceNorm/6TD_RGB_A_3_4.jpg,../data/NU_Dataset_1/Images/DepthNorm/6TD_RGB_A_3_4.jpg,../data/NU_Dataset_1/Images/FaceNorm/6TD_RGB_A_4_4.jpg,../data/NU_Dataset_1/Images/DepthNorm/6TD_RGB_A_4_4.jpg,1
../data/NU_Dataset_1/Images/FaceNorm/7TD_RGB_A_1_4.jpg,../data/NU_Dataset_1/Images/DepthNorm/7TD_RGB_A_1_4.jpg,../data/NU_Dataset_1/Images/FaceNorm/7TD_RGB_A_2_4.jpg,../data/NU_Dataset_1/Images/DepthNorm/7TD_RGB_A_2_4.jpg,1
../data/NU_Dataset_1/Images/FaceNorm/7TD_RGB_A_3_4.jpg,../data/NU_Dataset_1/Images/DepthNorm/7TD_RGB_A_3_4.jpg,../data/NU_Dataset_1/Images/FaceNorm/7TD_RGB_A_4_4.jpg,../data/NU_Dataset_1/Images/DepthNorm/7TD_RGB_A_4_4.jpg,1
../data/NU_Dataset_1/Images/FaceNorm/8TD_RGB_A_1_4.jpg,../data/NU_Dataset_1/Images/DepthNorm/8TD_RGB_A_1_4.jpg,../data/NU_Dataset_1/Images/FaceNorm/8TD_RGB_A_2_4.jpg,../data/NU_Dataset_1/Images/DepthNorm/8TD_RGB_A_2_4.jpg,1
../data/NU_Dataset_1/Images/FaceNorm/8TD_RGB_A_3_4.jpg,../data/NU_Dataset_1/Images/DepthNorm/8TD_RGB_A_3_4.jpg,../data/NU_Dataset_1/Images/FaceNorm/8TD_RGB_A_4_4.jpg,../data/NU_Dataset_1/Images/DepthNorm/8TD_RGB_A_4_4.jpg,1
../data/NU_Dataset_1/Images/FaceNorm/9TD_RGB_A_1_4.jpg,../data/NU_Dataset_1/Images/DepthNorm/9TD_RGB_A_1_4.jpg,../data/NU_Dataset_1/Images/FaceNorm/9TD_RGB_A_2_4.jpg,../data/NU_Dataset_1/Images/DepthNorm/9TD_RGB_A_2_4.jpg,1
../data/NU_Dataset_1/Images/FaceNorm/9TD_RGB_A_3_4.jpg,../data/NU_Dataset_1/Images/DepthNorm/9TD_RGB_A_3_4.jpg,../data/NU_Dataset_1/Images/FaceNorm/9TD_RGB_A_4_4.jpg,../data/NU_Dataset_1/Images/DepthNorm/9TD_RGB_A_4_4.jpg,1
../data/NU_Dataset_1/Images/FaceNorm/10TD_RGB_A_1_4.jpg,../data/NU_Dataset_1/Images/DepthNorm/10TD_RGB_A_1_4.jpg,../data/NU_Dataset_1/Images/FaceNorm/10TD_RGB_A_2_4.jpg,../data/NU_Dataset_1/Images/DepthNorm/10TD_RGB_A_2_4.jpg,1
../data/NU_Dataset_1/Images/FaceNorm/10TD_RGB_A_3_4.jpg,../data/NU_Dataset_1/Images/DepthNorm/10TD_RGB_A_3_4.jpg,../data/NU_Dataset_1/Images/FaceNorm/10TD_RGB_A_4_4.jpg,../data/NU_Dataset_1/Images/DepthNorm/10TD_RGB_A_4_4.jpg,1
../data/NU_Dataset_1/Images/FaceNorm/11TD_RGB_A_1_4.jpg,../data/NU_Dataset_1/Images/DepthNorm/11TD_RGB_A_1_4.jpg,../data/NU_Dataset_1/Images/FaceNorm/11TD_RGB_A_2_4.jpg,../data/NU_Dataset_1/Images/DepthNorm/11TD_RGB_A_2_4.jpg,1
../data/NU_Dataset_1/Images/FaceNorm/11TD_RGB_A_3_4.jpg,../data/NU_Dataset_1/Images/DepthNorm/11TD_RGB_A_3_4.jpg,../data/NU_Dataset_1/Images/FaceNorm/5TD_RGB_A_2_4.jpg,../data/NU_Dataset_1/Images/DepthNorm/5TD_RGB_A_2_4.jpg,0
../data/NU_Dataset_1/Images/FaceNorm/12TD_RGB_A_1_4.jpg,../data/NU_Dataset_1/Images/DepthNorm/12TD_RGB_A_1_4.jpg,../data/NU_Dataset_1/Images/FaceNorm/12TD_RGB_A_2_4.jpg,../data/NU_Dataset_1/Images/DepthNorm/12TD_RGB_A_2_4.jpg,1
../data/NU_Dataset_1/Images/FaceNorm/12TD_RGB_A_3_4.jpg,../data/NU_Dataset_1/Images/DepthNorm/12TD_RGB_A_3_4.jpg,../data/NU_Dataset_1/Images/FaceNorm/12TD_RGB_A_4_4.jpg,../data/NU_Dataset_1/Images/DepthNorm/12TD_RGB_A_4_4.jpg,1
../data/NU_Dataset_1/Images/FaceNorm/13TD_RGB_A_1_4.jpg,../data/NU_Dataset_1/Images/DepthNorm/13TD_RGB_A_1_4.jpg,../data/NU_Dataset_1/Images/FaceNorm/13TD_RGB_A_2_4.jpg,../data/NU_Dataset_1/Images/DepthNorm/13TD_RGB_A_2_4.jpg,1
../data/NU_Dataset_1/Images/FaceNorm/13TD_RGB_A_3_4.jpg,../data/NU_Dataset_1/Images/DepthNorm/13TD_RGB_A_3_4.jpg,../data/NU_Dataset_1/Images/FaceNorm/13TD_RGB_A_4_4.jpg,../data/NU_Dataset_1/Images/DepthNorm/13TD_RGB_A_4_4.jpg,1
../data/NU_Dataset_1/Images/FaceNorm/14TD_RGB_A_1_4.jpg,../data/NU_Dataset_1/Images/DepthNorm/14TD_RGB_A_1_4.jpg,../data/NU_Dataset_1/Images/FaceNorm/14TD_RGB_A_2_4.jpg,../data/NU_Dataset_1/Images/DepthNorm/14TD_RGB_A_2_4.jpg,1
../data/NU_Dataset_1/Images/FaceNorm/14TD_RGB_A_3_4.jpg,../data/NU_Dataset_1/Images/DepthNorm/14TD_RGB_A_3_4.jpg,../data/NU_Dataset_1/Images/FaceNorm/12TD_RGB_A_2_4.jpg,../data/NU_Dataset_1/Images/DepthNorm/12TD_RGB_A_2_4.jpg,0
../data/NU_Dataset_1/Images/FaceNorm/15TD_RGB_A_1_4.jpg,../data/NU_Dataset_1/Images/DepthNorm/15TD_RGB_A_1_4.jpg,../data/NU_Dataset_1/Images/FaceNorm/15TD_RGB_A_2_4.jpg,../data/NU_Dataset_1/Images/DepthNorm/15TD_RGB_A_2_4.jpg,1
../data/NU_Dataset_1/Images/FaceNorm/15TD_RGB_A_3_4.jpg,../data/NU_Dataset_1/Images/DepthNorm/15TD_RGB_A_3_4.jpg,../data/NU_Dataset_1/Images/FaceNorm/15TD_RGB_A_4_4.jpg,../data/NU_Dataset_1/Images/DepthNorm/15TD_RGB_A_4_4.jpg,1
../data/NU_Dataset_1/Images/FaceNorm/16TD_RGB_A_1_4.jpg,../data/NU_Dataset_1/Images/DepthNorm/16TD_RGB_A_1_4.jpg,../data/NU_Dataset_1/Images/FaceNorm/16TD_RGB_A_2_4.jpg,../data/NU_Dataset_1/Images/DepthNorm/16TD_RGB_A_2_4.jpg,1
../data/NU_Dataset_1/Images/FaceNorm/16TD_RGB_A_3_4.jpg,../data/NU_Dataset_1/Images/DepthNorm/16TD_RGB_A_3_4.jpg,../data/NU_Dataset_1/Images/FaceNorm/16TD_RGB_A_4_4.jpg,../data/NU_Dataset_1/Images/DepthNorm/16TD_RGB_A_4_4.jpg,1
../data/NU_Dataset_1/Images/FaceNorm/11TD_RGB_A_3_4.jpg,../data/NU_Dataset_1/Images/DepthNorm/11TD_RGB_A_3_4.jpg,../data/NU_Dataset_1/Images/FaceNorm/17TD_RGB_A_2_4.jpg,../data/NU_Dataset_1/Images/DepthNorm/17TD_RGB_A_2_4.jpg,0
../data/NU_Dataset_1/Images/FaceNorm/17TD_RGB_A_1_4.jpg,../data/NU_Dataset_1/Images/DepthNorm/17TD_RGB_A_1_4.jpg,../data/NU_Dataset_1/Images/FaceNorm/17TD_RGB_A_4_4.jpg,../data/NU_Dataset_1/Images/DepthNorm/17TD_RGB_A_4_4.jpg,1
../data/NU_Dataset_1/Images/FaceNorm/17TD_RGB_A_3_4.jpg,../data/NU_Dataset_1/Images/DepthNorm/17TD_RGB_A_3_4.jpg,../data/NU_Dataset_1/Images/FaceNorm/11TD_RGB_A_4_4.jpg,../data/NU_Dataset_1/Images/DepthNorm/11TD_RGB_A_4_4.jpg,1
../data/NU_Dataset_1/Images/FaceNorm/18TD_RGB_A_1_4.jpg,../data/NU_Dataset_1/Images/DepthNorm/18TD_RGB_A_1_4.jpg,../data/NU_Dataset_1/Images/FaceNorm/18TD_RGB_A_2_4.jpg,../data/NU_Dataset_1/Images/DepthNorm/18TD_RGB_A_2_4.jpg,1
../data/NU_Dataset_1/Images/FaceNorm/3TD_RGB_A_1_4.jpg,../data/NU_Dataset_1/Images/DepthNorm/3TD_RGB_A_1_4.jpg,../data/NU_Dataset_1/Images/FaceNorm/18TD_RGB_A_4_4.jpg,../data/NU_Dataset_1/Images/DepthNorm/18TD_RGB_A_4_4.jpg,0
../data/NU_Dataset_1/Images/FaceNorm/19TD_RGB_A_1_4.jpg,../data/NU_Dataset_1/Images/DepthNorm/19TD_RGB_A_1_4.jpg,../data/NU_Dataset_1/Images/FaceNorm/19TD_RGB_A_2_4.jpg,../data/NU_Dataset_1/Images/DepthNorm/19TD_RGB_A_2_4.jpg,1
../data/NU_Dataset_1/Images/FaceNorm/3TD_RGB_A_1_4.jpg,../data/NU_Dataset_1/Images/DepthNorm/3TD_RGB_A_1_4.jpg,../data/NU_Dataset_1/Images/FaceNorm/19TD_RGB_A_4_4.jpg,../data/NU_Dataset_1/Images/DepthNorm/19TD_RGB_A_4_4.jpg,0
../data/NU_Dataset_1/Images/FaceNorm/20TD_RGB_A_1_4.jpg,../data/NU_Dataset_1/Images/DepthNorm/20TD_RGB_A_1_4.jpg,../data/NU_Dataset_1/Images/FaceNorm/20TD_RGB_A_2_4.jpg,../data/NU_Dataset_1/Images/DepthNorm/20TD_RGB_A_2_4.jpg,1
../data/NU_Dataset_1/Images/FaceNorm/17TD_RGB_A_3_4.jpg,../data/NU_Dataset_1/Images/DepthNorm/17TD_RGB_A_3_4.jpg,../data/NU_Dataset_1/Images/FaceNorm/20TD_RGB_A_4_4.jpg,../data/NU_Dataset_1/Images/DepthNorm/20TD_RGB_A_4_4.jpg,0
../data/NU_Dataset_1/Images/FaceNorm/21TD_RGB_A_1_4.jpg,../data/NU_Dataset_1/Images/DepthNorm/21TD_RGB_A_1_4.jpg,../data/NU_Dataset_1/Images/FaceNorm/21TD_RGB_A_2_4.jpg,../data/NU_Dataset_1/Images/DepthNorm/21TD_RGB_A_2_4.jpg,1
../data/NU_Dataset_1/Images/FaceNorm/17TD_RGB_A_3_4.jpg,../data/NU_Dataset_1/Images/DepthNorm/17TD_RGB_A_3_4.jpg,../data/NU_Dataset_1/Images/FaceNorm/21TD_RGB_A_4_4.jpg,../data/NU_Dataset_1/Images/DepthNorm/21TD_RGB_A_4_4.jpg,0
../data/NU_Dataset_1/Images/FaceNorm/22TD_RGB_A_1_4.jpg,../data/NU_Dataset_1/Images/DepthNorm/22TD_RGB_A_1_4.jpg,../data/NU_Dataset_1/Images/FaceNorm/22TD_RGB_A_2_4.jpg,../data/NU_Dataset_1/Images/DepthNorm/22TD_RGB_A_2_4.jpg,1
../data/NU_Dataset_1/Images/FaceNorm/17TD_RGB_A_3_4.jpg,../data/NU_Dataset_1/Images/DepthNorm/17TD_RGB_A_3_4.jpg,../data/NU_Dataset_1/Images/FaceNorm/22TD_RGB_A_4_4.jpg,../data/NU_Dataset_1/Images/DepthNorm/22TD_RGB_A_4_4.jpg,0
../data/NU_Dataset_1/Images/FaceNorm/23TD_RGB_A_1_4.jpg,../data/NU_Dataset_1/Images/DepthNorm/23TD_RGB_A_1_4.jpg,../data/NU_Dataset_1/Images/FaceNorm/23TD_RGB_A_2_4.jpg,../data/NU_Dataset_1/Images/DepthNorm/23TD_RGB_A_2_4.jpg,1
../data/NU_Dataset_1/Images/FaceNorm/21TD_RGB_A_1_4.jpg,../data/NU_Dataset_1/Images/DepthNorm/21TD_RGB_A_1_4.jpg,../data/NU_Dataset_1/Images/FaceNorm/23TD_RGB_A_4_4.jpg,../data/NU_Dataset_1/Images/DepthNorm/23TD_RGB_A_4_4.jpg,0
../data/NU_Dataset_1/Images/FaceNorm/24TD_RGB_A_1_4.jpg,../data/NU_Dataset_1/Images/DepthNorm/24TD_RGB_A_1_4.jpg,../data/NU_Dataset_1/Images/FaceNorm/24TD_RGB_A_2_4.jpg,../data/NU_Dataset_1/Images/DepthNorm/24TD_RGB_A_2_4.jpg,1
../data/NU_Dataset_1/Images/FaceNorm/21TD_RGB_A_1_4.jpg,../data/NU_Dataset_1/Images/DepthNorm/21TD_RGB_A_1_4.jpg,../data/NU_Dataset_1/Images/FaceNorm/24TD_RGB_A_4_4.jpg,../data/NU_Dataset_1/Images/DepthNorm/24TD_RGB_A_4_4.jpg,0
../data/NU_Dataset_1/Images/FaceNorm/25TD_RGB_A_1_4.jpg,../data/NU_Dataset_1/Images/DepthNorm/25TD_RGB_A_1_4.jpg,../data/NU_Dataset_1/Images/FaceNorm/25TD_RGB_A_2_4.jpg,../data/NU_Dataset_1/Images/DepthNorm/25TD_RGB_A_2_4.jpg,1
../data/NU_Dataset_1/Images/FaceNorm/21TD_RGB_A_1_4.jpg,../data/NU_Dataset_1/Images/DepthNorm/21TD_RGB_A_1_4.jpg,../data/NU_Dataset_1/Images/FaceNorm/25TD_RGB_A_4_4.jpg,../data/NU_Dataset_1/Images/DepthNorm/25TD_RGB_A_4_4.jpg,0
../data/NU_Dataset_1/Images/FaceNorm/26TD_RGB_A_1_4.jpg,../data/NU_Dataset_1/Images/DepthNorm/26TD_RGB_A_1_4.jpg,../data/NU_Dataset_1/Images/FaceNorm/26TD_RGB_A_2_4.jpg,../data/NU_Dataset_1/Images/DepthNorm/26TD_RGB_A_2_4.jpg,1
../data/NU_Dataset_1/Images/FaceNorm/21TD_RGB_A_1_4.jpg,../data/NU_Dataset_1/Images/DepthNorm/21TD_RGB_A_1_4.jpg,../data/NU_Dataset_1/Images/FaceNorm/26TD_RGB_A_4_4.jpg,../data/NU_Dataset_1/Images/DepthNorm/26TD_RGB_A_4_4.jpg,0
../data/NU_Dataset_1/Images/FaceNorm/27TD_RGB_A_1_4.jpg,../data/NU_Dataset_1/Images/DepthNorm/27TD_RGB_A_1_4.jpg,../data/NU_Dataset_1/Images/FaceNorm/27TD_RGB_A_2_4.jpg,../data/NU_Dataset_1/Images/DepthNorm/27TD_RGB_A_2_4.jpg,1
../data/NU_Dataset_1/Images/FaceNorm/21TD_RGB_A_1_4.jpg,../data/NU_Dataset_1/Images/DepthNorm/21TD_RGB_A_1_4.jpg,../data/NU_Dataset_1/Images/FaceNorm/27TD_RGB_A_4_4.jpg,../data/NU_Dataset_1/Images/DepthNorm/27TD_RGB_A_4_4.jpg,0
../data/NU_Dataset_1/Images/FaceNorm/28TD_RGB_A_1_4.jpg,../data/NU_Dataset_1/Images/DepthNorm/28TD_RGB_A_1_4.jpg,../data/NU_Dataset_1/Images/FaceNorm/28TD_RGB_A_2_4.jpg,../data/NU_Dataset_1/Images/DepthNorm/28TD_RGB_A_2_4.jpg,1
../data/NU_Dataset_1/Images/FaceNorm/22TD_RGB_A_1_4.jpg,../data/NU_Dataset_1/Images/DepthNorm/22TD_RGB_A_1_4.jpg,../data/NU_Dataset_1/Images/FaceNorm/28TD_RGB_A_4_4.jpg,../data/NU_Dataset_1/Images/DepthNorm/28TD_RGB_A_4_4.jpg,0
../data/NU_Dataset_1/Images/FaceNorm/29TD_RGB_A_1_4.jpg,../data/NU_Dataset_1/Images/DepthNorm/29TD_RGB_A_1_4.jpg,../data/NU_Dataset_1/Images/FaceNorm/29TD_RGB_A_2_4.jpg,../data/NU_Dataset_1/Images/DepthNorm/29TD_RGB_A_2_4.jpg,1
../data/NU_Dataset_1/Images/FaceNorm/22TD_RGB_A_1_4.jpg,../data/NU_Dataset_1/Images/DepthNorm/22TD_RGB_A_1_4.jpg,../data/NU_Dataset_1/Images/FaceNorm/29TD_RGB_A_4_4.jpg,../data/NU_Dataset_1/Images/DepthNorm/29TD_RGB_A_4_4.jpg,0
../data/NU_Dataset_1/Images/FaceNorm/30TD_RGB_A_1_4.jpg,../data/NU_Dataset_1/Images/DepthNorm/30TD_RGB_A_1_4.jpg,../data/NU_Dataset_1/Images/FaceNorm/30TD_RGB_A_2_4.jpg,../data/NU_Dataset_1/Images/DepthNorm/30TD_RGB_A_2_4.jpg,1
../data/NU_Dataset_1/Images/FaceNorm/22TD_RGB_A_1_4.jpg,../data/NU_Dataset_1/Images/DepthNorm/22TD_RGB_A_1_4.jpg,../data/NU_Dataset_1/Images/FaceNorm/30TD_RGB_A_4_4.jpg,../data/NU_Dataset_1/Images/DepthNorm/30TD_RGB_A_4_4.jpg,0
../data/NU_Dataset_1/Images/FaceNorm/31TD_RGB_A_1_4.jpg,../data/NU_Dataset_1/Images/DepthNorm/31TD_RGB_A_1_4.jpg,../data/NU_Dataset_1/Images/FaceNorm/31TD_RGB_A_2_4.jpg,../data/NU_Dataset_1/Images/DepthNorm/31TD_RGB_A_2_4.jpg,1
../data/NU_Dataset_1/Images/FaceNorm/22TD_RGB_A_1_4.jpg,../data/NU_Dataset_1/Images/DepthNorm/22TD_RGB_A_1_4.jpg,../data/NU_Dataset_1/Images/FaceNorm/31TD_RGB_A_4_4.jpg,../data/NU_Dataset_1/Images/DepthNorm/31TD_RGB_A_4_4.jpg,0
../data/NU_Dataset_1/Images/FaceNorm/33TD_RGB_A_1_4.jpg,../data/NU_Dataset_1/Images/DepthNorm/33TD_RGB_A_1_4.jpg,../data/NU_Dataset_1/Images/FaceNorm/33TD_RGB_A_2_4.jpg,../data/NU_Dataset_1/Images/DepthNorm/33TD_RGB_A_2_4.jpg,1
../data/NU_Dataset_1/Images/FaceNorm/22TD_RGB_A_1_4.jpg,../data/NU_Dataset_1/Images/DepthNorm/22TD_RGB_A_1_4.jpg,../data/NU_Dataset_1/Images/FaceNorm/33TD_RGB_A_4_4.jpg,../data/NU_Dataset_1/Images/DepthNorm/33TD_RGB_A_4_4.jpg,0
../data/NU_Dataset_1/Images/FaceNorm/34TD_RGB_A_1_4.jpg,../data/NU_Dataset_1/Images/DepthNorm/34TD_RGB_A_1_4.jpg,../data/NU_Dataset_1/Images/FaceNorm/34TD_RGB_A_2_4.jpg,../data/NU_Dataset_1/Images/DepthNorm/34TD_RGB_A_2_4.jpg,1
../data/NU_Dataset_1/Images/FaceNorm/34TD_RGB_A_3_4.jpg,../data/NU_Dataset_1/Images/DepthNorm/34TD_RGB_A_3_4.jpg,../data/NU_Dataset_1/Images/FaceNorm/34TD_RGB_A_4_4.jpg,../data/NU_Dataset_1/Images/DepthNorm/34TD_RGB_A_4_4.jpg,1
../data/NU_Dataset_1/Images/FaceNorm/35TD_RGB_A_1_4.jpg,../data/NU_Dataset_1/Images/DepthNorm/35TD_RGB_A_1_4.jpg,../data/NU_Dataset_1/Images/FaceNorm/35TD_RGB_A_2_4.jpg,../data/NU_Dataset_1/Images/DepthNorm/35TD_RGB_A_2_4.jpg,1
../data/NU_Dataset_1/Images/FaceNorm/35TD_RGB_A_3_4.jpg,../data/NU_Dataset_1/Images/DepthNorm/35TD_RGB_A_3_4.jpg,../data/NU_Dataset_1/Images/FaceNorm/35TD_RGB_A_4_4.jpg,../data/NU_Dataset_1/Images/DepthNorm/35TD_RGB_A_4_4.jpg,1
../data/NU_Dataset_1/Images/FaceNorm/36TD_RGB_A_1_4.jpg,../data/NU_Dataset_1/Images/DepthNorm/36TD_RGB_A_1_4.jpg,../data/NU_Dataset_1/Images/FaceNorm/36TD_RGB_A_2_4.jpg,../data/NU_Dataset_1/Images/DepthNorm/36TD_RGB_A_2_4.jpg,1
../data/NU_Dataset_1/Images/FaceNorm/36TD_RGB_A_3_4.jpg,../data/NU_Dataset_1/Images/DepthNorm/36TD_RGB_A_3_4.jpg,../data/NU_Dataset_1/Images/FaceNorm/36TD_RGB_A_4_4.jpg,../data/NU_Dataset_1/Images/DepthNorm/36TD_RGB_A_4_4.jpg,1
../data/NU_Dataset_1/Images/FaceNorm/37TD_RGB_A_1_4.jpg,../data/NU_Dataset_1/Images/DepthNorm/37TD_RGB_A_1_4.jpg,../data/NU_Dataset_1/Images/FaceNorm/37TD_RGB_A_2_4.jpg,../data/NU_Dataset_1/Images/DepthNorm/37TD_RGB_A_2_4.jpg,1
../data/NU_Dataset_1/Images/FaceNorm/37TD_RGB_A_3_4.jpg,../data/NU_Dataset_1/Images/DepthNorm/37TD_RGB_A_3_4.jpg,../data/NU_Dataset_1/Images/FaceNorm/37TD_RGB_A_4_4.jpg,../data/NU_Dataset_1/Images/DepthNorm/37TD_RGB_A_4_4.jpg,1
../data/NU_Dataset_1/Images/FaceNorm/38TD_RGB_A_1_4.jpg,../data/NU_Dataset_1/Images/DepthNorm/38TD_RGB_A_1_4.jpg,../data/NU_Dataset_1/Images/FaceNorm/38TD_RGB_A_2_4.jpg,../data/NU_Dataset_1/Images/DepthNorm/38TD_RGB_A_2_4.jpg,1
../data/NU_Dataset_1/Images/FaceNorm/38TD_RGB_A_3_4.jpg,../data/NU_Dataset_1/Images/DepthNorm/38TD_RGB_A_3_4.jpg,../data/NU_Dataset_1/Images/FaceNorm/38TD_RGB_A_4_4.jpg,../data/NU_Dataset_1/Images/DepthNorm/38TD_RGB_A_4_4.jpg,1
../data/NU_Dataset_1/Images/FaceNorm/39TD_RGB_A_1_4.jpg,../data/NU_Dataset_1/Images/DepthNorm/39TD_RGB_A_1_4.jpg,../data/NU_Dataset_1/Images/FaceNorm/39TD_RGB_A_2_4.jpg,../data/NU_Dataset_1/Images/DepthNorm/39TD_RGB_A_2_4.jpg,1
../data/NU_Dataset_1/Images/FaceNorm/39TD_RGB_A_3_4.jpg,../data/NU_Dataset_1/Images/DepthNorm/39TD_RGB_A_3_4.jpg,../data/NU_Dataset_1/Images/FaceNorm/39TD_RGB_A_4_4.jpg,../data/NU_Dataset_1/Images/DepthNorm/39TD_RGB_A_4_4.jpg,1
../data/NU_Dataset_1/Images/FaceNorm/40TD_RGB_A_1_4.jpg,../data/NU_Dataset_1/Images/DepthNorm/40TD_RGB_A_1_4.jpg,../data/NU_Dataset_1/Images/FaceNorm/40TD_RGB_A_2_4.jpg,../data/NU_Dataset_1/Images/DepthNorm/40TD_RGB_A_2_4.jpg,1
../data/NU_Dataset_1/Images/FaceNorm/40TD_RGB_A_3_4.jpg,../data/NU_Dataset_1/Images/DepthNorm/40TD_RGB_A_3_4.jpg,../data/NU_Dataset_1/Images/FaceNorm/40TD_RGB_A_4_4.jpg,../data/NU_Dataset_1/Images/DepthNorm/40TD_RGB_A_4_4.jpg,1
../data/NU_Dataset_1/Images/FaceNorm/41TD_RGB_A_1_4.jpg,../data/NU_Dataset_1/Images/DepthNorm/41TD_RGB_A_1_4.jpg,../data/NU_Dataset_1/Images/FaceNorm/41TD_RGB_A_2_4.jpg,../data/NU_Dataset_1/Images/DepthNorm/41TD_RGB_A_2_4.jpg,1
../data/NU_Dataset_1/Images/FaceNorm/41TD_RGB_A_3_4.jpg,../data/NU_Dataset_1/Images/DepthNorm/41TD_RGB_A_3_4.jpg,../data/NU_Dataset_1/Images/FaceNorm/41TD_RGB_A_4_4.jpg,../data/NU_Dataset_1/Images/DepthNorm/41TD_RGB_A_4_4.jpg,1
../data/NU_Dataset_1/Images/FaceNorm/42TD_RGB_A_1_4.jpg,../data/NU_Dataset_1/Images/DepthNorm/42TD_RGB_A_1_4.jpg,../data/NU_Dataset_1/Images/FaceNorm/42TD_RGB_A_2_4.jpg,../data/NU_Dataset_1/Images/DepthNorm/42TD_RGB_A_2_4.jpg,1
../data/NU_Dataset_1/Images/FaceNorm/42TD_RGB_A_3_4.jpg,../data/NU_Dataset_1/Images/DepthNorm/42TD_RGB_A_3_4.jpg,../data/NU_Dataset_1/Images/FaceNorm/42TD_RGB_A_4_4.jpg,../data/NU_Dataset_1/Images/DepthNorm/42TD_RGB_A_4_4.jpg,1
../data/NU_Dataset_1/Images/FaceNorm/43TD_RGB_A_1_4.jpg,../data/NU_Dataset_1/Images/DepthNorm/43TD_RGB_A_1_4.jpg,../data/NU_Dataset_1/Images/FaceNorm/43TD_RGB_A_2_4.jpg,../data/NU_Dataset_1/Images/DepthNorm/43TD_RGB_A_2_4.jpg,1
../data/NU_Dataset_1/Images/FaceNorm/43TD_RGB_A_3_4.jpg,../data/NU_Dataset_1/Images/DepthNorm/43TD_RGB_A_3_4.jpg,../data/NU_Dataset_1/Images/FaceNorm/43TD_RGB_A_4_4.jpg,../data/NU_Dataset_1/Images/DepthNorm/43TD_RGB_A_4_4.jpg,1
../data/NU_Dataset_1/Images/FaceNorm/44TD_RGB_A_1_4.jpg,../data/NU_Dataset_1/Images/DepthNorm/44TD_RGB_A_1_4.jpg,../data/NU_Dataset_1/Images/FaceNorm/44TD_RGB_A_2_4.jpg,../data/NU_Dataset_1/Images/DepthNorm/44TD_RGB_A_2_4.jpg,1
../data/NU_Dataset_1/Images/FaceNorm/44TD_RGB_A_3_4.jpg,../data/NU_Dataset_1/Images/DepthNorm/44TD_RGB_A_3_4.jpg,../data/NU_Dataset_1/Images/FaceNorm/44TD_RGB_A_4_4.jpg,../data/NU_Dataset_1/Images/DepthNorm/44TD_RGB_A_4_4.jpg,1
../data/NU_Dataset_1/Images/FaceNorm/45TD_RGB_A_1_4.jpg,../data/NU_Dataset_1/Images/DepthNorm/45TD_RGB_A_1_4.jpg,../data/NU_Dataset_1/Images/FaceNorm/45TD_RGB_A_2_4.jpg,../data/NU_Dataset_1/Images/DepthNorm/45TD_RGB_A_2_4.jpg,1
../data/NU_Dataset_1/Images/FaceNorm/45TD_RGB_A_3_4.jpg,../data/NU_Dataset_1/Images/DepthNorm/45TD_RGB_A_3_4.jpg,../data/NU_Dataset_1/Images/FaceNorm/45TD_RGB_A_4_4.jpg,../data/NU_Dataset_1/Images/DepthNorm/45TD_RGB_A_4_4.jpg,1
../data/NU_Dataset_1/Images/FaceNorm/46TD_RGB_A_1_4.jpg,../data/NU_Dataset_1/Images/DepthNorm/46TD_RGB_A_1_4.jpg,../data/NU_Dataset_1/Images/FaceNorm/46TD_RGB_A_2_4.jpg,../data/NU_Dataset_1/Images/DepthNorm/46TD_RGB_A_2_4.jpg,1
../data/NU_Dataset_1/Images/FaceNorm/46TD_RGB_A_3_4.jpg,../data/NU_Dataset_1/Images/DepthNorm/46TD_RGB_A_3_4.jpg,../data/NU_Dataset_1/Images/FaceNorm/46TD_RGB_A_4_4.jpg,../data/NU_Dataset_1/Images/DepthNorm/46TD_RGB_A_4_4.jpg,1
../data/NU_Dataset_1/Images/FaceNorm/48TD_RGB_A_1_4.jpg,../data/NU_Dataset_1/Images/DepthNorm/48TD_RGB_A_1_4.jpg,../data/NU_Dataset_1/Images/FaceNorm/48TD_RGB_A_2_4.jpg,../data/NU_Dataset_1/Images/DepthNorm/48TD_RGB_A_2_4.jpg,1
../data/NU_Dataset_1/Images/FaceNorm/22TD_RGB_A_1_4.jpg,../data/NU_Dataset_1/Images/DepthNorm/22TD_RGB_A_1_4.jpg,../data/NU_Dataset_1/Images/FaceNorm/48TD_RGB_A_4_4.jpg,../data/NU_Dataset_1/Images/DepthNorm/48TD_RGB_A_4_4.jpg,0
../data/NU_Dataset_1/Images/FaceNorm/49TD_RGB_A_1_4.jpg,../data/NU_Dataset_1/Images/DepthNorm/49TD_RGB_A_1_4.jpg,../data/NU_Dataset_1/Images/FaceNorm/49TD_RGB_A_2_4.jpg,../data/NU_Dataset_1/Images/DepthNorm/49TD_RGB_A_2_4.jpg,1
../data/NU_Dataset_1/Images/FaceNorm/49TD_RGB_A_3_4.jpg,../data/NU_Dataset_1/Images/DepthNorm/49TD_RGB_A_3_4.jpg,../data/NU_Dataset_1/Images/FaceNorm/49TD_RGB_A_4_4.jpg,../data/NU_Dataset_1/Images/DepthNorm/49TD_RGB_A_4_4.jpg,1
../data/NU_Dataset_1/Images/FaceNorm/50TD_RGB_A_1_4.jpg,../data/NU_Dataset_1/Images/DepthNorm/50TD_RGB_A_1_4.jpg,../data/NU_Dataset_1/Images/FaceNorm/50TD_RGB_A_2_4.jpg,../data/NU_Dataset_1/Images/DepthNorm/50TD_RGB_A_2_4.jpg,1
../data/NU_Dataset_1/Images/FaceNorm/50TD_RGB_A_3_4.jpg,../data/NU_Dataset_1/Images/DepthNorm/50TD_RGB_A_3_4.jpg,../data/NU_Dataset_1/Images/FaceNorm/50TD_RGB_A_4_4.jpg,../data/NU_Dataset_1/Images/DepthNorm/50TD_RGB_A_4_4.jpg,1
../data/NU_Dataset_1/Images/FaceNorm/51TD_RGB_A_1_4.jpg,../data/NU_Dataset_1/Images/DepthNorm/51TD_RGB_A_1_4.jpg,../data/NU_Dataset_1/Images/FaceNorm/51TD_RGB_A_2_4.jpg,../data/NU_Dataset_1/Images/DepthNorm/51TD_RGB_A_2_4.jpg,1
../data/NU_Dataset_1/Images/FaceNorm/51TD_RGB_A_3_4.jpg,../data/NU_Dataset_1/Images/DepthNorm/51TD_RGB_A_3_4.jpg,../data/NU_Dataset_1/Images/FaceNorm/51TD_RGB_A_4_4.jpg,../data/NU_Dataset_1/Images/DepthNorm/51TD_RGB_A_4_4.jpg,1
../data/NU_Dataset_1/Images/FaceNorm/52TD_RGB_A_1_4.jpg,../data/NU_Dataset_1/Images/DepthNorm/52TD_RGB_A_1_4.jpg,../data/NU_Dataset_1/Images/FaceNorm/52TD_RGB_A_2_4.jpg,../data/NU_Dataset_1/Images/DepthNorm/52TD_RGB_A_2_4.jpg,1
../data/NU_Dataset_1/Images/FaceNorm/52TD_RGB_A_3_4.jpg,../data/NU_Dataset_1/Images/DepthNorm/52TD_RGB_A_3_4.jpg,../data/NU_Dataset_1/Images/FaceNorm/52TD_RGB_A_4_4.jpg,../data/NU_Dataset_1/Images/DepthNorm/52TD_RGB_A_4_4.jpg,1
../data/NU_Dataset_1/Images/FaceNorm/53TD_RGB_A_1_4.jpg,../data/NU_Dataset_1/Images/DepthNorm/53TD_RGB_A_1_4.jpg,../data/NU_Dataset_1/Images/FaceNorm/53TD_RGB_A_2_4.jpg,../data/NU_Dataset_1/Images/DepthNorm/53TD_RGB_A_2_4.jpg,1
../data/NU_Dataset_1/Images/FaceNorm/53TD_RGB_A_3_4.jpg,../data/NU_Dataset_1/Images/DepthNorm/53TD_RGB_A_3_4.jpg,../data/NU_Dataset_1/Images/FaceNorm/53TD_RGB_A_4_4.jpg,../data/NU_Dataset_1/Images/DepthNorm/53TD_RGB_A_4_4.jpg,1
../data/NU_Dataset_1/Images/FaceNorm/54TD_RGB_A_1_4.jpg,../data/NU_Dataset_1/Images/DepthNorm/54TD_RGB_A_1_4.jpg,../data/NU_Dataset_1/Images/FaceNorm/54TD_RGB_A_2_4.jpg,../data/NU_Dataset_1/Images/DepthNorm/54TD_RGB_A_2_4.jpg,1
../data/NU_Dataset_1/Images/FaceNorm/54TD_RGB_A_3_4.jpg,../data/NU_Dataset_1/Images/DepthNorm/54TD_RGB_A_3_4.jpg,../data/NU_Dataset_1/Images/FaceNorm/54TD_RGB_A_4_4.jpg,../data/NU_Dataset_1/Images/DepthNorm/54TD_RGB_A_4_4.jpg,1
../data/NU_Dataset_1/Images/FaceNorm/55TD_RGB_A_1_4.jpg,../data/NU_Dataset_1/Images/DepthNorm/55TD_RGB_A_1_4.jpg,../data/NU_Dataset_1/Images/FaceNorm/55TD_RGB_A_2_4.jpg,../data/NU_Dataset_1/Images/DepthNorm/55TD_RGB_A_2_4.jpg,1
../data/NU_Dataset_1/Images/FaceNorm/55TD_RGB_A_3_4.jpg,../data/NU_Dataset_1/Images/DepthNorm/55TD_RGB_A_3_4.jpg,../data/NU_Dataset_1/Images/FaceNorm/55TD_RGB_A_4_4.jpg,../data/NU_Dataset_1/Images/DepthNorm/55TD_RGB_A_4_4.jpg,1
../data/NU_Dataset_1/Images/FaceNorm/56TD_RGB_A_1_4.jpg,../data/NU_Dataset_1/Images/DepthNorm/56TD_RGB_A_1_4.jpg,../data/NU_Dataset_1/Images/FaceNorm/56TD_RGB_A_2_4.jpg,../data/NU_Dataset_1/Images/DepthNorm/56TD_RGB_A_2_4.jpg,1
../data/NU_Dataset_1/Images/FaceNorm/56TD_RGB_A_3_4.jpg,../data/NU_Dataset_1/Images/DepthNorm/56TD_RGB_A_3_4.jpg,../data/NU_Dataset_1/Images/FaceNorm/56TD_RGB_A_4_4.jpg,../data/NU_Dataset_1/Images/DepthNorm/56TD_RGB_A_4_4.jpg,1
../data/NU_Dataset_1/Images/FaceNorm/57TD_RGB_A_1_4.jpg,../data/NU_Dataset_1/Images/DepthNorm/57TD_RGB_A_1_4.jpg,../data/NU_Dataset_1/Images/FaceNorm/57TD_RGB_A_2_4.jpg,../data/NU_Dataset_1/Images/DepthNorm/57TD_RGB_A_2_4.jpg,1
../data/NU_Dataset_1/Images/FaceNorm/57TD_RGB_A_3_4.jpg,../data/NU_Dataset_1/Images/DepthNorm/57TD_RGB_A_3_4.jpg,../data/NU_Dataset_1/Images/FaceNorm/57TD_RGB_A_4_4.jpg,../data/NU_Dataset_1/Images/DepthNorm/57TD_RGB_A_4_4.jpg,1
../data/NU_Dataset_1/Images/FaceNorm/58TD_RGB_A_1_4.jpg,../data/NU_Dataset_1/Images/DepthNorm/58TD_RGB_A_1_4.jpg,../data/NU_Dataset_1/Images/FaceNorm/58TD_RGB_A_2_4.jpg,../data/NU_Dataset_1/Images/DepthNorm/58TD_RGB_A_2_4.jpg,1
../data/NU_Dataset_1/Images/FaceNorm/58TD_RGB_A_3_4.jpg,../data/NU_Dataset_1/Images/DepthNorm/58TD_RGB_A_3_4.jpg,../data/NU_Dataset_1/Images/FaceNorm/58TD_RGB_A_4_4.jpg,../data/NU_Dataset_1/Images/DepthNorm/58TD_RGB_A_4_4.jpg,1
../data/NU_Dataset_1/Images/FaceNorm/59TD_RGB_A_1_4.jpg,../data/NU_Dataset_1/Images/DepthNorm/59TD_RGB_A_1_4.jpg,../data/NU_Dataset_1/Images/FaceNorm/59TD_RGB_A_2_4.jpg,../data/NU_Dataset_1/Images/DepthNorm/59TD_RGB_A_2_4.jpg,1
../data/NU_Dataset_1/Images/FaceNorm/59TD_RGB_A_3_4.jpg,../data/NU_Dataset_1/Images/DepthNorm/59TD_RGB_A_3_4.jpg,../data/NU_Dataset_1/Images/FaceNorm/59TD_RGB_A_4_4.jpg,../data/NU_Dataset_1/Images/DepthNorm/59TD_RGB_A_4_4.jpg,1
../data/NU_Dataset_1/Images/FaceNorm/60TD_RGB_A_1_4.jpg,../data/NU_Dataset_1/Images/DepthNorm/60TD_RGB_A_1_4.jpg,../data/NU_Dataset_1/Images/FaceNorm/60TD_RGB_A_2_4.jpg,../data/NU_Dataset_1/Images/DepthNorm/60TD_RGB_A_2_4.jpg,1
../data/NU_Dataset_1/Images/FaceNorm/60TD_RGB_A_3_4.jpg,../data/NU_Dataset_1/Images/DepthNorm/60TD_RGB_A_3_4.jpg,../data/NU_Dataset_1/Images/FaceNorm/60TD_RGB_A_4_4.jpg,../data/NU_Dataset_1/Images/DepthNorm/60TD_RGB_A_4_4.jpg,1
../data/NU_Dataset_1/Images/FaceNorm/61TD_RGB_A_1_4.jpg,../data/NU_Dataset_1/Images/DepthNorm/61TD_RGB_A_1_4.jpg,../data/NU_Dataset_1/Images/FaceNorm/61TD_RGB_A_2_4.jpg,../data/NU_Dataset_1/Images/DepthNorm/61TD_RGB_A_2_4.jpg,1
../data/NU_Dataset_1/Images/FaceNorm/61TD_RGB_A_3_4.jpg,../data/NU_Dataset_1/Images/DepthNorm/61TD_RGB_A_3_4.jpg,../data/NU_Dataset_1/Images/FaceNorm/61TD_RGB_A_4_4.jpg,../data/NU_Dataset_1/Images/DepthNorm/61TD_RGB_A_4_4.jpg,1
../data/NU_Dataset_1/Images/FaceNorm/62TD_RGB_A_1_4.jpg,../data/NU_Dataset_1/Images/DepthNorm/62TD_RGB_A_1_4.jpg,../data/NU_Dataset_1/Images/FaceNorm/62TD_RGB_A_2_4.jpg,../data/NU_Dataset_1/Images/DepthNorm/62TD_RGB_A_2_4.jpg,1
../data/NU_Dataset_1/Images/FaceNorm/62TD_RGB_A_3_4.jpg,../data/NU_Dataset_1/Images/DepthNorm/62TD_RGB_A_3_4.jpg,../data/NU_Dataset_1/Images/FaceNorm/62TD_RGB_A_4_4.jpg,../data/NU_Dataset_1/Images/DepthNorm/62TD_RGB_A_4_4.jpg,1
../data/NU_Dataset_1/Images/FaceNorm/63TD_RGB_A_1_4.jpg,../data/NU_Dataset_1/Images/DepthNorm/63TD_RGB_A_1_4.jpg,../data/NU_Dataset_1/Images/FaceNorm/7TD_RGB_A_2_4.jpg,../data/NU_Dataset_1/Images/DepthNorm/7TD_RGB_A_2_4.jpg,0
../data/NU_Dataset_1/Images/FaceNorm/63TD_RGB_A_3_4.jpg,../data/NU_Dataset_1/Images/DepthNorm/63TD_RGB_A_3_4.jpg,../data/NU_Dataset_1/Images/FaceNorm/63TD_RGB_A_4_4.jpg,../data/NU_Dataset_1/Images/DepthNorm/63TD_RGB_A_4_4.jpg,1
../data/NU_Dataset_1/Images/FaceNorm/64TD_RGB_A_1_4.jpg,../data/NU_Dataset_1/Images/DepthNorm/64TD_RGB_A_1_4.jpg,../data/NU_Dataset_1/Images/FaceNorm/64TD_RGB_A_2_4.jpg,../data/NU_Dataset_1/Images/DepthNorm/64TD_RGB_A_2_4.jpg,1
../data/NU_Dataset_1/Images/FaceNorm/64TD_RGB_A_3_4.jpg,../data/NU_Dataset_1/Images/DepthNorm/64TD_RGB_A_3_4.jpg,../data/NU_Dataset_1/Images/FaceNorm/64TD_RGB_A_4_4.jpg,../data/NU_Dataset_1/Images/DepthNorm/64TD_RGB_A_4_4.jpg,1
../data/NU_Dataset_1/Images/FaceNorm/65TD_RGB_A_1_4.jpg,../data/NU_Dataset_1/Images/DepthNorm/65TD_RGB_A_1_4.jpg,../data/NU_Dataset_1/Images/FaceNorm/65TD_RGB_A_2_4.jpg,../data/NU_Dataset_1/Images/DepthNorm/65TD_RGB_A_2_4.jpg,1
../data/NU_Dataset_1/Images/FaceNorm/65TD_RGB_A_3_4.jpg,../data/NU_Dataset_1/Images/DepthNorm/65TD_RGB_A_3_4.jpg,../data/NU_Dataset_1/Images/FaceNorm/65TD_RGB_A_4_4.jpg,../data/NU_Dataset_1/Images/DepthNorm/65TD_RGB_A_4_4.jpg,1
../data/NU_Dataset_1/Images/FaceNorm/66TD_RGB_A_1_4.jpg,../data/NU_Dataset_1/Images/DepthNorm/66TD_RGB_A_1_4.jpg,../data/NU_Dataset_1/Images/FaceNorm/66TD_RGB_A_2_4.jpg,../data/NU_Dataset_1/Images/DepthNorm/66TD_RGB_A_2_4.jpg,1
../data/NU_Dataset_1/Images/FaceNorm/66TD_RGB_A_3_4.jpg,../data/NU_Dataset_1/Images/DepthNorm/66TD_RGB_A_3_4.jpg,../data/NU_Dataset_1/Images/FaceNorm/66TD_RGB_A_4_4.jpg,../data/NU_Dataset_1/Images/DepthNorm/66TD_RGB_A_4_4.jpg,1
../data/NU_Dataset_1/Images/FaceNorm/67TD_RGB_A_1_4.jpg,../data/NU_Dataset_1/Images/DepthNorm/67TD_RGB_A_1_4.jpg,../data/NU_Dataset_1/Images/FaceNorm/67TD_RGB_A_2_4.jpg,../data/NU_Dataset_1/Images/DepthNorm/67TD_RGB_A_2_4.jpg,1
../data/NU_Dataset_1/Images/FaceNorm/67TD_RGB_A_3_4.jpg,../data/NU_Dataset_1/Images/DepthNorm/67TD_RGB_A_3_4.jpg,../data/NU_Dataset_1/Images/FaceNorm/67TD_RGB_A_4_4.jpg,../data/NU_Dataset_1/Images/DepthNorm/67TD_RGB_A_4_4.jpg,1
../data/NU_Dataset_1/Images/FaceNorm/68TD_RGB_A_1_4.jpg,../data/NU_Dataset_1/Images/DepthNorm/68TD_RGB_A_1_4.jpg,../data/NU_Dataset_1/Images/FaceNorm/68TD_RGB_A_2_4.jpg,../data/NU_Dataset_1/Images/DepthNorm/68TD_RGB_A_2_4.jpg,1
../data/NU_Dataset_1/Images/FaceNorm/68TD_RGB_A_3_4.jpg,../data/NU_Dataset_1/Images/DepthNorm/68TD_RGB_A_3_4.jpg,../data/NU_Dataset_1/Images/FaceNorm/68TD_RGB_A_4_4.jpg,../data/NU_Dataset_1/Images/DepthNorm/68TD_RGB_A_4_4.jpg,1
../data/NU_Dataset_1/Images/FaceNorm/69TD_RGB_A_1_4.jpg,../data/NU_Dataset_1/Images/DepthNorm/69TD_RGB_A_1_4.jpg,../data/NU_Dataset_1/Images/FaceNorm/69TD_RGB_A_2_4.jpg,../data/NU_Dataset_1/Images/DepthNorm/69TD_RGB_A_2_4.jpg,1
../data/NU_Dataset_1/Images/FaceNorm/69TD_RGB_A_3_4.jpg,../data/NU_Dataset_1/Images/DepthNorm/69TD_RGB_A_3_4.jpg,../data/NU_Dataset_1/Images/FaceNorm/69TD_RGB_A_4_4.jpg,../data/NU_Dataset_1/Images/DepthNorm/69TD_RGB_A_4_4.jpg,1
../data/NU_Dataset_1/Images/FaceNorm/70TD_RGB_A_1_4.jpg,../data/NU_Dataset_1/Images/DepthNorm/70TD_RGB_A_1_4.jpg,../data/NU_Dataset_1/Images/FaceNorm/70TD_RGB_A_2_4.jpg,../data/NU_Dataset_1/Images/DepthNorm/70TD_RGB_A_2_4.jpg,1
../data/NU_Dataset_1/Images/FaceNorm/70TD_RGB_A_3_4.jpg,../data/NU_Dataset_1/Images/DepthNorm/70TD_RGB_A_3_4.jpg,../data/NU_Dataset_1/Images/FaceNorm/70TD_RGB_A_4_4.jpg,../data/NU_Dataset_1/Images/DepthNorm/70TD_RGB_A_4_4.jpg,1
../data/NU_Dataset_1/Images/FaceNorm/71TD_RGB_A_1_4.jpg,../data/NU_Dataset_1/Images/DepthNorm/71TD_RGB_A_1_4.jpg,../data/NU_Dataset_1/Images/FaceNorm/71TD_RGB_A_2_4.jpg,../data/NU_Dataset_1/Images/DepthNorm/71TD_RGB_A_2_4.jpg,1
../data/NU_Dataset_1/Images/FaceNorm/71TD_RGB_A_3_4.jpg,../data/NU_Dataset_1/Images/DepthNorm/71TD_RGB_A_3_4.jpg,../data/NU_Dataset_1/Images/FaceNorm/71TD_RGB_A_4_4.jpg,../data/NU_Dataset_1/Images/DepthNorm/71TD_RGB_A_4_4.jpg,1
../data/NU_Dataset_1/Images/FaceNorm/72TD_RGB_A_1_4.jpg,../data/NU_Dataset_1/Images/DepthNorm/72TD_RGB_A_1_4.jpg,../data/NU_Dataset_1/Images/FaceNorm/72TD_RGB_A_2_4.jpg,../data/NU_Dataset_1/Images/DepthNorm/72TD_RGB_A_2_4.jpg,1
../data/NU_Dataset_1/Images/FaceNorm/72TD_RGB_A_3_4.jpg,../data/NU_Dataset_1/Images/DepthNorm/72TD_RGB_A_3_4.jpg,../data/NU_Dataset_1/Images/FaceNorm/72TD_RGB_A_4_4.jpg,../data/NU_Dataset_1/Images/DepthNorm/72TD_RGB_A_4_4.jpg,1
../data/NU_Dataset_1/Images/FaceNorm/73TD_RGB_A_3_4.jpg,../data/NU_Dataset_1/Images/DepthNorm/73TD_RGB_A_3_4.jpg,../data/NU_Dataset_1/Images/FaceNorm/73TD_RGB_A_2_4.jpg,../data/NU_Dataset_1/Images/DepthNorm/73TD_RGB_A_2_4.jpg,1
../data/NU_Dataset_1/Images/FaceNorm/75TD_RGB_A_1_4.jpg,../data/NU_Dataset_1/Images/DepthNorm/75TD_RGB_A_1_4.jpg,../data/NU_Dataset_1/Images/FaceNorm/75TD_RGB_A_2_4.jpg,../data/NU_Dataset_1/Images/DepthNorm/75TD_RGB_A_2_4.jpg,1
../data/NU_Dataset_1/Images/FaceNorm/75TD_RGB_A_3_4.jpg,../data/NU_Dataset_1/Images/DepthNorm/75TD_RGB_A_3_4.jpg,../data/NU_Dataset_1/Images/FaceNorm/7TD_RGB_A_2_4.jpg,../data/NU_Dataset_1/Images/DepthNorm/7TD_RGB_A_2_4.jpg,0
../data/NU_Dataset_1/Images/FaceNorm/77TD_RGB_A_1_4.jpg,../data/NU_Dataset_1/Images/DepthNorm/77TD_RGB_A_1_4.jpg,../data/NU_Dataset_1/Images/FaceNorm/77TD_RGB_A_2_4.jpg,../data/NU_Dataset_1/Images/DepthNorm/77TD_RGB_A_2_4.jpg,1
../data/NU_Dataset_1/Images/FaceNorm/77TD_RGB_A_3_4.jpg,../data/NU_Dataset_1/Images/DepthNorm/77TD_RGB_A_3_4.jpg,../data/NU_Dataset_1/Images/FaceNorm/7TD_RGB_A_2_4.jpg,../data/NU_Dataset_1/Images/DepthNorm/7TD_RGB_A_2_4.jpg,0
../data/NU_Dataset_1/Images/FaceNorm/78TD_RGB_A_1_4.jpg,../data/NU_Dataset_1/Images/DepthNorm/78TD_RGB_A_1_4.jpg,../data/NU_Dataset_1/Images/FaceNorm/78TD_RGB_A_2_4.jpg,../data/NU_Dataset_1/Images/DepthNorm/78TD_RGB_A_2_4.jpg,1
../data/NU_Dataset_1/Images/FaceNorm/78TD_RGB_A_3_4.jpg,../data/NU_Dataset_1/Images/DepthNorm/78TD_RGB_A_3_4.jpg,../data/NU_Dataset_1/Images/FaceNorm/7TD_RGB_A_2_4.jpg,../data/NU_Dataset_1/Images/DepthNorm/7TD_RGB_A_2_4.jpg,0
../data/NU_Dataset_1/Images/FaceNorm/79TD_RGB_A_1_4.jpg,../data/NU_Dataset_1/Images/DepthNorm/79TD_RGB_A_1_4.jpg,../data/NU_Dataset_1/Images/FaceNorm/79TD_RGB_A_2_4.jpg,../data/NU_Dataset_1/Images/DepthNorm/79TD_RGB_A_2_4.jpg,1
../data/NU_Dataset_1/Images/FaceNorm/79TD_RGB_A_3_4.jpg,../data/NU_Dataset_1/Images/DepthNorm/79TD_RGB_A_3_4.jpg,../data/NU_Dataset_1/Images/FaceNorm/7TD_RGB_A_2_4.jpg,../data/NU_Dataset_1/Images/DepthNorm/7TD_RGB_A_2_4.jpg,0
../data/NU_Dataset_1/Images/FaceNorm/80TD_RGB_A_1_4.jpg,../data/NU_Dataset_1/Images/DepthNorm/80TD_RGB_A_1_4.jpg,../data/NU_Dataset_1/Images/FaceNorm/80TD_RGB_A_2_4.jpg,../data/NU_Dataset_1/Images/DepthNorm/80TD_RGB_A_2_4.jpg,1
../data/NU_Dataset_1/Images/FaceNorm/80TD_RGB_A_3_4.jpg,../data/NU_Dataset_1/Images/DepthNorm/80TD_RGB_A_3_4.jpg,../data/NU_Dataset_1/Images/FaceNorm/7TD_RGB_A_2_4.jpg,../data/NU_Dataset_1/Images/DepthNorm/7TD_RGB_A_2_4.jpg,0
../data/NU_Dataset_1/Images/FaceNorm/81TD_RGB_A_1_4.jpg,../data/NU_Dataset_1/Images/DepthNorm/81TD_RGB_A_1_4.jpg,../data/NU_Dataset_1/Images/FaceNorm/81TD_RGB_A_2_4.jpg,../data/NU_Dataset_1/Images/DepthNorm/81TD_RGB_A_2_4.jpg,1
../data/NU_Dataset_1/Images/FaceNorm/81TD_RGB_A_3_4.jpg,../data/NU_Dataset_1/Images/DepthNorm/81TD_RGB_A_3_4.jpg,../data/NU_Dataset_1/Images/FaceNorm/80TD_RGB_A_2_4.jpg,../data/NU_Dataset_1/Images/DepthNorm/80TD_RGB_A_2_4.jpg,0
../data/NU_Dataset_1/Images/FaceNorm/82TD_RGB_A_1_4.jpg,../data/NU_Dataset_1/Images/DepthNorm/82TD_RGB_A_1_4.jpg,../data/NU_Dataset_1/Images/FaceNorm/82TD_RGB_A_2_4.jpg,../data/NU_Dataset_1/Images/DepthNorm/82TD_RGB_A_2_4.jpg,1
../data/NU_Dataset_1/Images/FaceNorm/82TD_RGB_A_3_4.jpg,../data/NU_Dataset_1/Images/DepthNorm/82TD_RGB_A_3_4.jpg,../data/NU_Dataset_1/Images/FaceNorm/80TD_RGB_A_2_4.jpg,../data/NU_Dataset_1/Images/DepthNorm/80TD_RGB_A_2_4.jpg,0
../data/NU_Dataset_1/Images/FaceNorm/83TD_RGB_A_1_4.jpg,../data/NU_Dataset_1/Images/DepthNorm/83TD_RGB_A_1_4.jpg,../data/NU_Dataset_1/Images/FaceNorm/83TD_RGB_A_2_4.jpg,../data/NU_Dataset_1/Images/DepthNorm/83TD_RGB_A_2_4.jpg,1
../data/NU_Dataset_1/Images/FaceNorm/83TD_RGB_A_3_4.jpg,../data/NU_Dataset_1/Images/DepthNorm/83TD_RGB_A_3_4.jpg,../data/NU_Dataset_1/Images/FaceNorm/80TD_RGB_A_2_4.jpg,../data/NU_Dataset_1/Images/DepthNorm/80TD_RGB_A_2_4.jpg,0
../data/NU_Dataset_1/Images/FaceNorm/84TD_RGB_A_1_4.jpg,../data/NU_Dataset_1/Images/DepthNorm/84TD_RGB_A_1_4.jpg,../data/NU_Dataset_1/Images/FaceNorm/84TD_RGB_A_2_4.jpg,../data/NU_Dataset_1/Images/DepthNorm/84TD_RGB_A_2_4.jpg,1
../data/NU_Dataset_1/Images/FaceNorm/84TD_RGB_A_3_4.jpg,../data/NU_Dataset_1/Images/DepthNorm/84TD_RGB_A_3_4.jpg,../data/NU_Dataset_1/Images/FaceNorm/80TD_RGB_A_2_4.jpg,../data/NU_Dataset_1/Images/DepthNorm/80TD_RGB_A_2_4.jpg,0
../data/NU_Dataset_1/Images/FaceNorm/85TD_RGB_A_1_4.jpg,../data/NU_Dataset_1/Images/DepthNorm/85TD_RGB_A_1_4.jpg,../data/NU_Dataset_1/Images/FaceNorm/85TD_RGB_A_2_4.jpg,../data/NU_Dataset_1/Images/DepthNorm/85TD_RGB_A_2_4.jpg,1
../data/NU_Dataset_1/Images/FaceNorm/85TD_RGB_A_3_4.jpg,../data/NU_Dataset_1/Images/DepthNorm/85TD_RGB_A_3_4.jpg,../data/NU_Dataset_1/Images/FaceNorm/80TD_RGB_A_2_4.jpg,../data/NU_Dataset_1/Images/DepthNorm/80TD_RGB_A_2_4.jpg,0
../data/NU_Dataset_1/Images/FaceNorm/86TD_RGB_A_1_4.jpg,../data/NU_Dataset_1/Images/DepthNorm/86TD_RGB_A_1_4.jpg,../data/NU_Dataset_1/Images/FaceNorm/86TD_RGB_A_2_4.jpg,../data/NU_Dataset_1/Images/DepthNorm/86TD_RGB_A_2_4.jpg,1
../data/NU_Dataset_1/Images/FaceNorm/86TD_RGB_A_3_4.jpg,../data/NU_Dataset_1/Images/DepthNorm/86TD_RGB_A_3_4.jpg,../data/NU_Dataset_1/Images/FaceNorm/80TD_RGB_A_2_4.jpg,../data/NU_Dataset_1/Images/DepthNorm/80TD_RGB_A_2_4.jpg,0
../data/NU_Dataset_1/Images/FaceNorm/87TD_RGB_A_1_4.jpg,../data/NU_Dataset_1/Images/DepthNorm/87TD_RGB_A_1_4.jpg,../data/NU_Dataset_1/Images/FaceNorm/87TD_RGB_A_2_4.jpg,../data/NU_Dataset_1/Images/DepthNorm/87TD_RGB_A_2_4.jpg,1
../data/NU_Dataset_1/Images/FaceNorm/87TD_RGB_A_3_4.jpg,../data/NU_Dataset_1/Images/DepthNorm/87TD_RGB_A_3_4.jpg,../data/NU_Dataset_1/Images/FaceNorm/80TD_RGB_A_2_4.jpg,../data/NU_Dataset_1/Images/DepthNorm/80TD_RGB_A_2_4.jpg,0
../data/NU_Dataset_1/Images/FaceNorm/88TD_RGB_A_1_4.jpg,../data/NU_Dataset_1/Images/DepthNorm/88TD_RGB_A_1_4.jpg,../data/NU_Dataset_1/Images/FaceNorm/88TD_RGB_A_2_4.jpg,../data/NU_Dataset_1/Images/DepthNorm/88TD_RGB_A_2_4.jpg,1
../data/NU_Dataset_1/Images/FaceNorm/88TD_RGB_A_3_4.jpg,../data/NU_Dataset_1/Images/DepthNorm/88TD_RGB_A_3_4.jpg,../data/NU_Dataset_1/Images/FaceNorm/80TD_RGB_A_2_4.jpg,../data/NU_Dataset_1/Images/DepthNorm/80TD_RGB_A_2_4.jpg,0
../data/NU_Dataset_1/Images/FaceNorm/89TD_RGB_A_1_4.jpg,../data/NU_Dataset_1/Images/DepthNorm/89TD_RGB_A_1_4.jpg,../data/NU_Dataset_1/Images/FaceNorm/89TD_RGB_A_2_4.jpg,../data/NU_Dataset_1/Images/DepthNorm/89TD_RGB_A_2_4.jpg,1
../data/NU_Dataset_1/Images/FaceNorm/89TD_RGB_A_3_4.jpg,../data/NU_Dataset_1/Images/DepthNorm/89TD_RGB_A_3_4.jpg,../data/NU_Dataset_1/Images/FaceNorm/80TD_RGB_A_2_4.jpg,../data/NU_Dataset_1/Images/DepthNorm/80TD_RGB_A_2_4.jpg,0
../data/NU_Dataset_1/Images/FaceNorm/90TD_RGB_A_1_4.jpg,../data/NU_Dataset_1/Images/DepthNorm/90TD_RGB_A_1_4.jpg,../data/NU_Dataset_1/Images/FaceNorm/90TD_RGB_A_2_4.jpg,../data/NU_Dataset_1/Images/DepthNorm/90TD_RGB_A_2_4.jpg,1
../data/NU_Dataset_1/Images/FaceNorm/90TD_RGB_A_3_4.jpg,../data/NU_Dataset_1/Images/DepthNorm/90TD_RGB_A_3_4.jpg,../data/NU_Dataset_1/Images/FaceNorm/80TD_RGB_A_2_4.jpg,../data/NU_Dataset_1/Images/DepthNorm/80TD_RGB_A_2_4.jpg,0
../data/NU_Dataset_1/Images/FaceNorm/91TD_RGB_A_1_4.jpg,../data/NU_Dataset_1/Images/DepthNorm/91TD_RGB_A_1_4.jpg,../data/NU_Dataset_1/Images/FaceNorm/91TD_RGB_A_2_4.jpg,../data/NU_Dataset_1/Images/DepthNorm/91TD_RGB_A_2_4.jpg,1
../data/NU_Dataset_1/Images/FaceNorm/91TD_RGB_A_3_4.jpg,../data/NU_Dataset_1/Images/DepthNorm/91TD_RGB_A_3_4.jpg,../data/NU_Dataset_1/Images/FaceNorm/80TD_RGB_A_2_4.jpg,../data/NU_Dataset_1/Images/DepthNorm/80TD_RGB_A_2_4.jpg,0
../data/NU_Dataset_1/Images/FaceNorm/92TD_RGB_A_1_4.jpg,../data/NU_Dataset_1/Images/DepthNorm/92TD_RGB_A_1_4.jpg,../data/NU_Dataset_1/Images/FaceNorm/92TD_RGB_A_2_4.jpg,../data/NU_Dataset_1/Images/DepthNorm/92TD_RGB_A_2_4.jpg,1
../data/NU_Dataset_1/Images/FaceNorm/92TD_RGB_A_3_4.jpg,../data/NU_Dataset_1/Images/DepthNorm/92TD_RGB_A_3_4.jpg,../data/NU_Dataset_1/Images/FaceNorm/80TD_RGB_A_2_4.jpg,../data/NU_Dataset_1/Images/DepthNorm/80TD_RGB_A_2_4.jpg,0
../data/NU_Dataset_1/Images/FaceNorm/93TD_RGB_A_1_4.jpg,../data/NU_Dataset_1/Images/DepthNorm/93TD_RGB_A_1_4.jpg,../data/NU_Dataset_1/Images/FaceNorm/93TD_RGB_A_2_4.jpg,../data/NU_Dataset_1/Images/DepthNorm/93TD_RGB_A_2_4.jpg,1
../data/NU_Dataset_1/Images/FaceNorm/93TD_RGB_A_3_4.jpg,../data/NU_Dataset_1/Images/DepthNorm/93TD_RGB_A_3_4.jpg,../data/NU_Dataset_1/Images/FaceNorm/80TD_RGB_A_2_4.jpg,../data/NU_Dataset_1/Images/DepthNorm/80TD_RGB_A_2_4.jpg,0
../data/NU_Dataset_1/Images/FaceNorm/94TD_RGB_A_1_4.jpg,../data/NU_Dataset_1/Images/DepthNorm/94TD_RGB_A_1_4.jpg,../data/NU_Dataset_1/Images/FaceNorm/94TD_RGB_A_2_4.jpg,../data/NU_Dataset_1/Images/DepthNorm/94TD_RGB_A_2_4.jpg,1
../data/NU_Dataset_1/Images/FaceNorm/94TD_RGB_A_3_4.jpg,../data/NU_Dataset_1/Images/DepthNorm/94TD_RGB_A_3_4.jpg,../data/NU_Dataset_1/Images/FaceNorm/80TD_RGB_A_2_4.jpg,../data/NU_Dataset_1/Images/DepthNorm/80TD_RGB_A_2_4.jpg,0
../data/NU_Dataset_1/Images/FaceNorm/95TD_RGB_A_1_4.jpg,../data/NU_Dataset_1/Images/DepthNorm/95TD_RGB_A_1_4.jpg,../data/NU_Dataset_1/Images/FaceNorm/95TD_RGB_A_2_4.jpg,../data/NU_Dataset_1/Images/DepthNorm/95TD_RGB_A_2_4.jpg,1
../data/NU_Dataset_1/Images/FaceNorm/95TD_RGB_A_3_4.jpg,../data/NU_Dataset_1/Images/DepthNorm/95TD_RGB_A_3_4.jpg,../data/NU_Dataset_1/Images/FaceNorm/80TD_RGB_A_2_4.jpg,../data/NU_Dataset_1/Images/DepthNorm/80TD_RGB_A_2_4.jpg,0
../data/NU_Dataset_1/Images/FaceNorm/96TD_RGB_A_1_4.jpg,../data/NU_Dataset_1/Images/DepthNorm/96TD_RGB_A_1_4.jpg,../data/NU_Dataset_1/Images/FaceNorm/96TD_RGB_A_2_4.jpg,../data/NU_Dataset_1/Images/DepthNorm/96TD_RGB_A_2_4.jpg,1
../data/NU_Dataset_1/Images/FaceNorm/96TD_RGB_A_3_4.jpg,../data/NU_Dataset_1/Images/DepthNorm/96TD_RGB_A_3_4.jpg,../data/NU_Dataset_1/Images/FaceNorm/80TD_RGB_A_2_4.jpg,../data/NU_Dataset_1/Images/DepthNorm/80TD_RGB_A_2_4.jpg,0
../data/NU_Dataset_1/Images/FaceNorm/97TD_RGB_A_1_4.jpg,../data/NU_Dataset_1/Images/DepthNorm/97TD_RGB_A_1_4.jpg,../data/NU_Dataset_1/Images/FaceNorm/97TD_RGB_A_2_4.jpg,../data/NU_Dataset_1/Images/DepthNorm/97TD_RGB_A_2_4.jpg,1
../data/NU_Dataset_1/Images/FaceNorm/97TD_RGB_A_3_4.jpg,../data/NU_Dataset_1/Images/DepthNorm/97TD_RGB_A_3_4.jpg,../data/NU_Dataset_1/Images/FaceNorm/84TD_RGB_A_2_4.jpg,../data/NU_Dataset_1/Images/DepthNorm/84TD_RGB_A_2_4.jpg,0
../data/NU_Dataset_1/Images/FaceNorm/98TD_RGB_A_1_4.jpg,../data/NU_Dataset_1/Images/DepthNorm/98TD_RGB_A_1_4.jpg,../data/NU_Dataset_1/Images/FaceNorm/98TD_RGB_A_2_4.jpg,../data/NU_Dataset_1/Images/DepthNorm/98TD_RGB_A_2_4.jpg,1
../data/NU_Dataset_1/Images/FaceNorm/98TD_RGB_A_3_4.jpg,../data/NU_Dataset_1/Images/DepthNorm/98TD_RGB_A_3_4.jpg,../data/NU_Dataset_1/Images/FaceNorm/84TD_RGB_A_2_4.jpg,../data/NU_Dataset_1/Images/DepthNorm/84TD_RGB_A_2_4.jpg,0
../data/NU_Dataset_1/Images/FaceNorm/99TD_RGB_A_1_4.jpg,../data/NU_Dataset_1/Images/DepthNorm/99TD_RGB_A_1_4.jpg,../data/NU_Dataset_1/Images/FaceNorm/99TD_RGB_A_2_4.jpg,../data/NU_Dataset_1/Images/DepthNorm/99TD_RGB_A_2_4.jpg,1
../data/NU_Dataset_1/Images/FaceNorm/99TD_RGB_A_3_4.jpg,../data/NU_Dataset_1/Images/DepthNorm/99TD_RGB_A_3_4.jpg,../data/NU_Dataset_1/Images/FaceNorm/84TD_RGB_A_2_4.jpg,../data/NU_Dataset_1/Images/DepthNorm/84TD_RGB_A_2_4.jpg,0
../data/NU_Dataset_1/Images/FaceNorm/100TD_RGB_A_1_4.jpg,../data/NU_Dataset_1/Images/DepthNorm/100TD_RGB_A_1_4.jpg,../data/NU_Dataset_1/Images/FaceNorm/100TD_RGB_A_2_4.jpg,../data/NU_Dataset_1/Images/DepthNorm/100TD_RGB_A_2_4.jpg,1
../data/NU_Dataset_1/Images/FaceNorm/100TD_RGB_A_3_4.jpg,../data/NU_Dataset_1/Images/DepthNorm/100TD_RGB_A_3_4.jpg,../data/NU_Dataset_1/Images/FaceNorm/84TD_RGB_A_2_4.jpg,../data/NU_Dataset_1/Images/DepthNorm/84TD_RGB_A_2_4.jpg,0
../data/NU_Dataset_1/Images/FaceNorm/101TD_RGB_A_1_4.jpg,../data/NU_Dataset_1/Images/DepthNorm/101TD_RGB_A_1_4.jpg,../data/NU_Dataset_1/Images/FaceNorm/101TD_RGB_A_2_4.jpg,../data/NU_Dataset_1/Images/DepthNorm/101TD_RGB_A_2_4.jpg,1
../data/NU_Dataset_1/Images/FaceNorm/58TD_RGB_A_1_4.jpg,../data/NU_Dataset_1/Images/DepthNorm/58TD_RGB_A_1_4.jpg,../data/NU_Dataset_1/Images/FaceNorm/102TD_RGB_A_2_4.jpg,../data/NU_Dataset_1/Images/DepthNorm/102TD_RGB_A_2_4.jpg,0
../data/NU_Dataset_1/Images/FaceNorm/58TD_RGB_A_3_4.jpg,../data/NU_Dataset_1/Images/DepthNorm/58TD_RGB_A_3_4.jpg,../data/NU_Dataset_1/Images/FaceNorm/103TD_RGB_A_2_4.jpg,../data/NU_Dataset_1/Images/DepthNorm/103TD_RGB_A_2_4.jpg,0
../data/NU_Dataset_1/Images/FaceNorm/59TD_RGB_A_1_4.jpg,../data/NU_Dataset_1/Images/DepthNorm/59TD_RGB_A_1_4.jpg,../data/NU_Dataset_1/Images/FaceNorm/104TD_RGB_A_2_4.jpg,../data/NU_Dataset_1/Images/DepthNorm/104TD_RGB_A_2_4.jpg,0
../data/NU_Dataset_1/Images/FaceNorm/59TD_RGB_A_3_4.jpg,../data/NU_Dataset_1/Images/DepthNorm/59TD_RGB_A_3_4.jpg,../data/NU_Dataset_1/Images/FaceNorm/105TD_RGB_A_2_4.jpg,../data/NU_Dataset_1/Images/DepthNorm/105TD_RGB_A_2_4.jpg,0
../data/NU_Dataset_1/Images/FaceNorm/60TD_RGB_A_1_4.jpg,../data/NU_Dataset_1/Images/DepthNorm/60TD_RGB_A_1_4.jpg,../data/NU_Dataset_1/Images/FaceNorm/106TD_RGB_A_2_4.jpg,../data/NU_Dataset_1/Images/DepthNorm/106TD_RGB_A_2_4.jpg,0
../data/NU_Dataset_1/Images/FaceNorm/60TD_RGB_A_3_4.jpg,../data/NU_Dataset_1/Images/DepthNorm/60TD_RGB_A_3_4.jpg,../data/NU_Dataset_1/Images/FaceNorm/107TD_RGB_A_2_4.jpg,../data/NU_Dataset_1/Images/DepthNorm/107TD_RGB_A_2_4.jpg,0
../data/NU_Dataset_1/Images/FaceNorm/61TD_RGB_A_1_4.jpg,../data/NU_Dataset_1/Images/DepthNorm/61TD_RGB_A_1_4.jpg,../data/NU_Dataset_1/Images/FaceNorm/108TD_RGB_A_2_4.jpg,../data/NU_Dataset_1/Images/DepthNorm/108TD_RGB_A_2_4.jpg,0
../data/NU_Dataset_1/Images/FaceNorm/61TD_RGB_A_3_4.jpg,../data/NU_Dataset_1/Images/DepthNorm/61TD_RGB_A_3_4.jpg,../data/NU_Dataset_1/Images/FaceNorm/109TD_RGB_A_2_4.jpg,../data/NU_Dataset_1/Images/DepthNorm/109TD_RGB_A_2_4.jpg,0
../data/NU_Dataset_1/Images/FaceNorm/62TD_RGB_A_1_4.jpg,../data/NU_Dataset_1/Images/DepthNorm/62TD_RGB_A_1_4.jpg,../data/NU_Dataset_1/Images/FaceNorm/110TD_RGB_A_2_4.jpg,../data/NU_Dataset_1/Images/DepthNorm/110TD_RGB_A_2_4.jpg,0
../data/NU_Dataset_1/Images/FaceNorm/80TD_RGB_A_1_4.jpg,../data/NU_Dataset_1/Images/DepthNorm/80TD_RGB_A_1_4.jpg,../data/NU_Dataset_1/Images/FaceNorm/111TD_RGB_A_2_4.jpg,../data/NU_Dataset_1/Images/DepthNorm/111TD_RGB_A_2_4.jpg,0
../data/NU_Dataset_1/Images/FaceNorm/80TD_RGB_A_3_4.jpg,../data/NU_Dataset_1/Images/DepthNorm/80TD_RGB_A_3_4.jpg,../data/NU_Dataset_1/Images/FaceNorm/113TD_RGB_A_2_4.jpg,../data/NU_Dataset_1/Images/DepthNorm/113TD_RGB_A_2_4.jpg,0
../data/Dataset_2/User1/Test/FaceImage20241112204422.jpg,../data/Dataset_2/User1/Test/DepthImage20241112204422.png,../data/Dataset_2/User1/Validation/FaceImage20241112204140.jpg,../data/Dataset_2/User1/Validation/DepthImage20241112204140.png,1